<metadata xml:lang="en"><Esri><CreaDate>20120508</CreaDate><CreaTime>11483100</CreaTime><SyncOnce>FALSE</SyncOnce><SyncDate>20120521</SyncDate><SyncTime>11454500</SyncTime><ModDate>20120521</ModDate><ModTime>11454500</ModTime><DataProperties><lineage><Process Name="FeatureClassToFeatureClass_1" ToolSource="C:\Program Files\ArcGIS\ArcToolbox\Toolboxes\Conversion Tools.tbx\FeatureClassToFeatureClass" Date="20071008" Time="141642">FeatureClassToFeatureClass O:\marine\rmp\southwest\data\kefs_sw.shp "Database Connections\marine@tendev.sde" sw_marine_kefs # "Id Id true false false 6 Long 0 6 ,First,#,O:\marine\rmp\southwest\data\kefs_sw.shp,Id,-1,-1;kef_no kef_no true false false 4 Short 0 4 ,First,#,O:\marine\rmp\southwest\data\kefs_sw.shp,kef_no,-1,-1;Feature Feature true false false 50 Text 0 0 ,First,#,O:\marine\rmp\southwest\data\kefs_sw.shp,Feature,-1,-1;Descript Descript true false false 100 Text 0 0 ,First,#,O:\marine\rmp\southwest\data\kefs_sw.shp,Descript,-1,-1" SMALL_VECTOR "Database Connections\marine@tendev.sde\MARINE_SDE.sw_marine_kefs"</Process><Process Name="Project_9" ToolSource="C:\Program Files\ArcGIS\ArcToolbox\Toolboxes\Data Management Tools.tbx\Project" Date="20080519" Time="154532">Project "Database Connections\TENPROD zeus jpassiou.sde\MARINE_SDE.sw_marine_kefs" O:\marine\rmp\all_rmps\mpa_development\data\sw_marine_kefs.shp PROJCS['Australia Albers Equal Area GDA',GEOGCS['GCS_GDA_1994',DATUM['D_GDA_1994',SPHEROID['GRS_1980',6378137.0,298.257222101]],PRIMEM['Greenwich',0.0],UNIT['Degree',0.0174532925199433]],PROJECTION['Albers'],PARAMETER['False_Easting',0.0],PARAMETER['False_Northing',0.0],PARAMETER['Central_Meridian',132.0],PARAMETER['Standard_Parallel_1',-18.0],PARAMETER['Standard_Parallel_2',-36.0],PARAMETER['Latitude_Of_Origin',0.0],UNIT['Meter',1.0]] # GEOGCS['GCS_GDA_1994',DATUM['D_GDA_1994',SPHEROID['GRS_1980',6378137.0,298.257222101]],PRIMEM['Greenwich',0.0],UNIT['Degree',0.0174532925199433]]</Process><Process Name="Project_4" ToolSource="C:\Program Files\ArcGIS\ArcToolbox\Toolboxes\Data Management Tools.tbx\Project" Date="20080915" Time="090525">Project O:\marine\rmp\all_rmps\mpa_development\data\kefs\sw_marine_kefs.shp O:\marine\rmp\all_rmps\mpa_development\data\kefs\sw_marine_kefs2.shp GEOGCS['GCS_GDA_1994',DATUM['D_GDA_1994',SPHEROID['GRS_1980',6378137.0,298.257222101]],PRIMEM['Greenwich',0.0],UNIT['Degree',0.0174532925199433]] # PROJCS['Australia Albers Equal Area GDA',GEOGCS['GCS_GDA_1994',DATUM['D_GDA_1994',SPHEROID['GRS_1980',6378137.0,298.257222101]],PRIMEM['Greenwich',0.0],UNIT['Degree',0.0174532925199433]],PROJECTION['Albers'],PARAMETER['False_Easting',0.0],PARAMETER['False_Northing',0.0],PARAMETER['Central_Meridian',132.0],PARAMETER['Standard_Parallel_1',-18.0],PARAMETER['Standard_Parallel_2',-36.0],PARAMETER['Latitude_Of_Origin',0.0],UNIT['Meter',1.0]]</Process><Process ToolSource="C:\Program Files\ArcGIS\ArcToolbox\Toolboxes\Conversion Tools.tbx\FeatureClassToFeatureClass" Date="20090105" Time="161240">FeatureClassToFeatureClass O:\marine\rmp\southwest\mpa_development\data\kefs\sw_kefs_oct08.shp "Database Connections\marine@spatdev.sde" sw_marine_kefs_poly # "Name 'Name' true true false 50 Text 0 0 ,First,#,O:\marine\rmp\southwest\mpa_development\data\kefs\sw_kefs_oct08.shp,Name,-1,-1;Number_ 'Number_' true true false 4 Short 0 4 ,First,#,O:\marine\rmp\southwest\mpa_development\data\kefs\sw_kefs_oct08.shp,Number,-1,-1" SMALL_VECTOR "Database Connections\marine@spatdev.sde\MARINE_SDE.sw_marine_kefs_poly"</Process><Process ToolSource="C:\Program Files\ArcGIS\ArcToolbox\Toolboxes\Data Management Tools.tbx\Append" Date="20090610" Time="112612">Append 'KEF15 - Coastal boundary layer' north_marine_region_kefs NO_TEST "NAME 'NAME' true false false 130 Text 0 0 ,First,#,O:\marine\rmp\north\mpa_development\data\kefs\final\kef15_coastal_boundary_layer.shp,Name,-1,-1;NUMBER 'NUMBER' true false false 4 Short 0 4 ,First,#" # north_marine_region_kefs</Process><Process ToolSource="C:\Program Files\ArcGIS\ArcToolbox\Toolboxes\Data Management Tools.tbx\Append" Date="20090619" Time="090952">Append kef2_pinnacles_bonaparte_basin;kef3_ashmore_cartier;kef4_scott_seringapatam;kef5_demersal_slope_fish_communities;kef6_canyons_btwn_abyssal_plain_scott_plateau;kef7_quondong_adjacent_waters;kef8_ancient_coastline_nwst_nwsp;kef9_glomar_shoals_terrace;kef10_rowley_shoals;kef11_exmouth_plateau;kef12_canyons_cape_range_peninsula;kef13_ningaloo;kef14_wallaby_saddle nwmr_kefs NO_TEST "AREA 'AREA' true false false 19 Double 5 18 ,First,#,O:\marine\rmp\northwest\mpa_development\data\kefs\final\kef2_pinnacles_bonaparte_basin.shp,AREA,-1,-1,O:\marine\rmp\northwest\mpa_development\data\kefs\final\kef5_demersal_slope_fish_communities.shp,AREA,-1,-1,O:\marine\rmp\northwest\mpa_development\data\kefs\final\kef6_canyons_btwn_abyssal_plain_scott_plateau.shp,AREA,-1,-1,O:\marine\rmp\northwest\mpa_development\data\kefs\final\kef9_glomar_shoals_terrace.shp,AREA,-1,-1,O:\marine\rmp\northwest\mpa_development\data\kefs\final\kef11_exmouth_plateau.shp,AREA,-1,-1,O:\marine\rmp\northwest\mpa_development\data\kefs\final\kef12_canyons_cape_range_peninsula.shp,AREA,-1,-1,O:\marine\rmp\northwest\mpa_development\data\kefs\final\kef14_wallaby_saddle.shp,AREA,-1,-1;PERIMETER 'PERIMETER' true false false 19 Double 5 18 ,First,#,O:\marine\rmp\northwest\mpa_development\data\kefs\final\kef2_pinnacles_bonaparte_basin.shp,PERIMETER,-1,-1,O:\marine\rmp\northwest\mpa_development\data\kefs\final\kef5_demersal_slope_fish_communities.shp,PERIMETER,-1,-1,O:\marine\rmp\northwest\mpa_development\data\kefs\final\kef6_canyons_btwn_abyssal_plain_scott_plateau.shp,PERIMETER,-1,-1,O:\marine\rmp\northwest\mpa_development\data\kefs\final\kef9_glomar_shoals_terrace.shp,PERIMETER,-1,-1,O:\marine\rmp\northwest\mpa_development\data\kefs\final\kef11_exmouth_plateau.shp,PERIMETER,-1,-1,O:\marine\rmp\northwest\mpa_development\data\kefs\final\kef12_canyons_cape_range_peninsula.shp,PERIMETER,-1,-1,O:\marine\rmp\northwest\mpa_development\data\kefs\final\kef14_wallaby_saddle.shp,PERIMETER,-1,-1;FEATURE_CO 'FEATURE_CO' true false false 19 Double 11 18 ,First,#,O:\marine\rmp\northwest\mpa_development\data\kefs\final\kef2_pinnacles_bonaparte_basin.shp,FEATURE_CO,-1,-1,O:\marine\rmp\northwest\mpa_development\data\kefs\final\kef5_demersal_slope_fish_communities.shp,FEATURE_CO,-1,-1,O:\marine\rmp\northwest\mpa_development\data\kefs\final\kef6_canyons_btwn_abyssal_plain_scott_plateau.shp,FEATURE_CO,-1,-1,O:\marine\rmp\northwest\mpa_development\data\kefs\final\kef9_glomar_shoals_terrace.shp,FEATURE_CO,-1,-1,O:\marine\rmp\northwest\mpa_development\data\kefs\final\kef11_exmouth_plateau.shp,FEATURE_CO,-1,-1,O:\marine\rmp\northwest\mpa_development\data\kefs\final\kef12_canyons_cape_range_peninsula.shp,FEATURE_CO,-1,-1,O:\marine\rmp\northwest\mpa_development\data\kefs\final\kef14_wallaby_saddle.shp,FEATURE_CO,-1,-1;FEATURE 'FEATURE' true false false 40 Text 0 0 ,First,#,O:\marine\rmp\northwest\mpa_development\data\kefs\final\kef2_pinnacles_bonaparte_basin.shp,FEATURE,-1,-1,O:\marine\rmp\northwest\mpa_development\data\kefs\final\kef5_demersal_slope_fish_communities.shp,FEATURE,-1,-1,O:\marine\rmp\northwest\mpa_development\data\kefs\final\kef6_canyons_btwn_abyssal_plain_scott_plateau.shp,FEATURE,-1,-1,O:\marine\rmp\northwest\mpa_development\data\kefs\final\kef9_glomar_shoals_terrace.shp,FEATURE,-1,-1,O:\marine\rmp\northwest\mpa_development\data\kefs\final\kef11_exmouth_plateau.shp,FEATURE,-1,-1,O:\marine\rmp\northwest\mpa_development\data\kefs\final\kef12_canyons_cape_range_peninsula.shp,FEATURE,-1,-1,O:\marine\rmp\northwest\mpa_development\data\kefs\final\kef14_wallaby_saddle.shp,FEATURE,-1,-1;PROV_CODE 'PROV_CODE' true false false 19 Double 11 18 ,First,#,O:\marine\rmp\northwest\mpa_development\data\kefs\final\kef2_pinnacles_bonaparte_basin.shp,PROV_CODE,-1,-1,O:\marine\rmp\northwest\mpa_development\data\kefs\final\kef5_demersal_slope_fish_communities.shp,PROV_CODE,-1,-1,O:\marine\rmp\northwest\mpa_development\data\kefs\final\kef6_canyons_btwn_abyssal_plain_scott_plateau.shp,PROV_CODE,-1,-1,O:\marine\rmp\northwest\mpa_development\data\kefs\final\kef9_glomar_shoals_terrace.shp,PROV_CODE,-1,-1,O:\marine\rmp\northwest\mpa_development\data\kefs\final\kef11_exmouth_plateau.shp,PROV_CODE,-1,-1,O:\marine\rmp\northwest\mpa_development\data\kefs\final\kef12_canyons_cape_range_peninsula.shp,PROV_CODE,-1,-1,O:\marine\rmp\northwest\mpa_development\data\kefs\final\kef14_wallaby_saddle.shp,PROV_CODE,-1,-1;PROVINCE 'PROVINCE' true false false 40 Text 0 0 ,First,#,O:\marine\rmp\northwest\mpa_development\data\kefs\final\kef2_pinnacles_bonaparte_basin.shp,PROVINCE,-1,-1,O:\marine\rmp\northwest\mpa_development\data\kefs\final\kef5_demersal_slope_fish_communities.shp,PROVINCE,-1,-1,O:\marine\rmp\northwest\mpa_development\data\kefs\final\kef6_canyons_btwn_abyssal_plain_scott_plateau.shp,PROVINCE,-1,-1,O:\marine\rmp\northwest\mpa_development\data\kefs\final\kef9_glomar_shoals_terrace.shp,PROVINCE,-1,-1,O:\marine\rmp\northwest\mpa_development\data\kefs\final\kef11_exmouth_plateau.shp,PROVINCE,-1,-1,O:\marine\rmp\northwest\mpa_development\data\kefs\final\kef12_canyons_cape_range_peninsula.shp,PROVINCE,-1,-1,O:\marine\rmp\northwest\mpa_development\data\kefs\final\kef14_wallaby_saddle.shp,PROVINCE,-1,-1;LAND_CODE 'LAND_CODE' true false false 19 Double 11 18 ,First,#,O:\marine\rmp\northwest\mpa_development\data\kefs\final\kef2_pinnacles_bonaparte_basin.shp,LAND_CODE,-1,-1,O:\marine\rmp\northwest\mpa_development\data\kefs\final\kef5_demersal_slope_fish_communities.shp,LAND_CODE,-1,-1,O:\marine\rmp\northwest\mpa_development\data\kefs\final\kef6_canyons_btwn_abyssal_plain_scott_plateau.shp,LAND_CODE,-1,-1,O:\marine\rmp\northwest\mpa_development\data\kefs\final\kef9_glomar_shoals_terrace.shp,LAND_CODE,-1,-1,O:\marine\rmp\northwest\mpa_development\data\kefs\final\kef11_exmouth_plateau.shp,LAND_CODE,-1,-1,O:\marine\rmp\northwest\mpa_development\data\kefs\final\kef12_canyons_cape_range_peninsula.shp,LAND_CODE,-1,-1,O:\marine\rmp\northwest\mpa_development\data\kefs\final\kef14_wallaby_saddle.shp,LAND_CODE,-1,-1;LAND 'LAND' true false false 40 Text 0 0 ,First,#,O:\marine\rmp\northwest\mpa_development\data\kefs\final\kef2_pinnacles_bonaparte_basin.shp,LAND,-1,-1,O:\marine\rmp\northwest\mpa_development\data\kefs\final\kef5_demersal_slope_fish_communities.shp,LAND,-1,-1,O:\marine\rmp\northwest\mpa_development\data\kefs\final\kef6_canyons_btwn_abyssal_plain_scott_plateau.shp,LAND,-1,-1,O:\marine\rmp\northwest\mpa_development\data\kefs\final\kef9_glomar_shoals_terrace.shp,LAND,-1,-1,O:\marine\rmp\northwest\mpa_development\data\kefs\final\kef11_exmouth_plateau.shp,LAND,-1,-1,O:\marine\rmp\northwest\mpa_development\data\kefs\final\kef12_canyons_cape_range_peninsula.shp,LAND,-1,-1,O:\marine\rmp\northwest\mpa_development\data\kefs\final\kef14_wallaby_saddle.shp,LAND,-1,-1;FEATURE_ER 'FEATURE_ER' true false false 19 Double 11 18 ,First,#,O:\marine\rmp\northwest\mpa_development\data\kefs\final\kef2_pinnacles_bonaparte_basin.shp,FEATURE_ER,-1,-1,O:\marine\rmp\northwest\mpa_development\data\kefs\final\kef5_demersal_slope_fish_communities.shp,FEATURE_ER,-1,-1,O:\marine\rmp\northwest\mpa_development\data\kefs\final\kef6_canyons_btwn_abyssal_plain_scott_plateau.shp,FEATURE_ER,-1,-1,O:\marine\rmp\northwest\mpa_development\data\kefs\final\kef9_glomar_shoals_terrace.shp,FEATURE_ER,-1,-1,O:\marine\rmp\northwest\mpa_development\data\kefs\final\kef11_exmouth_plateau.shp,FEATURE_ER,-1,-1,O:\marine\rmp\northwest\mpa_development\data\kefs\final\kef12_canyons_cape_range_peninsula.shp,FEATURE_ER,-1,-1,O:\marine\rmp\northwest\mpa_development\data\kefs\final\kef14_wallaby_saddle.shp,FEATURE_ER,-1,-1;SQ_KM 'SQ_KM' true false false 19 Double 3 18 ,First,#,O:\marine\rmp\northwest\mpa_development\data\kefs\final\kef2_pinnacles_bonaparte_basin.shp,SQ_KM,-1,-1,O:\marine\rmp\northwest\mpa_development\data\kefs\final\kef5_demersal_slope_fish_communities.shp,SQ_KM,-1,-1,O:\marine\rmp\northwest\mpa_development\data\kefs\final\kef6_canyons_btwn_abyssal_plain_scott_plateau.shp,SQ_KM,-1,-1,O:\marine\rmp\northwest\mpa_development\data\kefs\final\kef9_glomar_shoals_terrace.shp,SQ_KM,-1,-1,O:\marine\rmp\northwest\mpa_development\data\kefs\final\kef11_exmouth_plateau.shp,SQ_KM,-1,-1,O:\marine\rmp\northwest\mpa_development\data\kefs\final\kef12_canyons_cape_range_peninsula.shp,SQ_KM,-1,-1,O:\marine\rmp\northwest\mpa_development\data\kefs\final\kef14_wallaby_saddle.shp,SQ_KM,-1,-1;PERIM_KM 'PERIM_KM' true false false 19 Double 3 18 ,First,#,O:\marine\rmp\northwest\mpa_development\data\kefs\final\kef2_pinnacles_bonaparte_basin.shp,PERIM_KM,-1,-1,O:\marine\rmp\northwest\mpa_development\data\kefs\final\kef5_demersal_slope_fish_communities.shp,PERIM_KM,-1,-1,O:\marine\rmp\northwest\mpa_development\data\kefs\final\kef6_canyons_btwn_abyssal_plain_scott_plateau.shp,PERIM_KM,-1,-1,O:\marine\rmp\northwest\mpa_development\data\kefs\final\kef9_glomar_shoals_terrace.shp,PERIM_KM,-1,-1,O:\marine\rmp\northwest\mpa_development\data\kefs\final\kef11_exmouth_plateau.shp,PERIM_KM,-1,-1,O:\marine\rmp\northwest\mpa_development\data\kefs\final\kef12_canyons_cape_range_peninsula.shp,PERIM_KM,-1,-1,O:\marine\rmp\northwest\mpa_development\data\kefs\final\kef14_wallaby_saddle.shp,PERIM_KM,-1,-1;UNIQUEID 'UNIQUEID' true false false 19 Double 11 18 ,First,#,O:\marine\rmp\northwest\mpa_development\data\kefs\final\kef2_pinnacles_bonaparte_basin.shp,UNIQUEID,-1,-1,O:\marine\rmp\northwest\mpa_development\data\kefs\final\kef5_demersal_slope_fish_communities.shp,UNIQUEID,-1,-1,O:\marine\rmp\northwest\mpa_development\data\kefs\final\kef6_canyons_btwn_abyssal_plain_scott_plateau.shp,UNIQUEID,-1,-1,O:\marine\rmp\northwest\mpa_development\data\kefs\final\kef9_glomar_shoals_terrace.shp,UNIQUEID,-1,-1,O:\marine\rmp\northwest\mpa_development\data\kefs\final\kef11_exmouth_plateau.shp,UNIQUEID,-1,-1,O:\marine\rmp\northwest\mpa_development\data\kefs\final\kef12_canyons_cape_range_peninsula.shp,UNIQUEID,-1,-1,O:\marine\rmp\northwest\mpa_development\data\kefs\final\kef14_wallaby_saddle.shp,UNIQUEID,-1,-1;Canyon_id 'Canyon_id' true false false 10 Text 0 0 ,First,#,O:\marine\rmp\northwest\mpa_development\data\kefs\final\kef2_pinnacles_bonaparte_basin.shp,Canyon_id,-1,-1,O:\marine\rmp\northwest\mpa_development\data\kefs\final\kef5_demersal_slope_fish_communities.shp,Canyon_id,-1,-1,O:\marine\rmp\northwest\mpa_development\data\kefs\final\kef6_canyons_btwn_abyssal_plain_scott_plateau.shp,Canyon_id,-1,-1,O:\marine\rmp\northwest\mpa_development\data\kefs\final\kef9_glomar_shoals_terrace.shp,Canyon_id,-1,-1,O:\marine\rmp\northwest\mpa_development\data\kefs\final\kef11_exmouth_plateau.shp,Canyon_id,-1,-1,O:\marine\rmp\northwest\mpa_development\data\kefs\final\kef12_canyons_cape_range_peninsula.shp,Canyon_id,-1,-1,O:\marine\rmp\northwest\mpa_development\data\kefs\final\kef14_wallaby_saddle.shp,Canyon_id,-1,-1" # nwmr_kefs</Process><Process ToolSource="C:\Program Files\ArcGIS\ArcToolbox\Toolboxes\Conversion Tools.tbx\FeatureClassToFeatureClass" Date="20100406" Time="092105">FeatureClassToFeatureClass N:\Marine\rmp\northwest\mpa_development\kefs\export\final_nw_kefs_mar2010.shp "Database Connections\marine@spatdev.sde" northwest_marine_kefs # "NAME 'NAME' true true false 130 Text 0 0 ,First,#,N:\Marine\rmp\northwest\mpa_development\kefs\export\final_nw_kefs_mar2010.shp,NAME,-1,-1" SMALL_VECTOR "Database Connections\marine@spatdev.sde\MARINE_TEAM.northwest_marine_kefs"</Process></lineage><itemProps><itemName Sync="TRUE">nw_kefs_MAY2012</itemName><imsContentType Sync="TRUE">002</imsContentType><nativeExtBox><westBL Sync="TRUE">109.233482</westBL><eastBL Sync="TRUE">128.378754</eastBL><southBL Sync="TRUE">-26.157343</southBL><northBL Sync="TRUE">-11.276306</northBL><exTypeCode Sync="TRUE">1</exTypeCode></nativeExtBox><itemSize Sync="TRUE">0.611</itemSize><itemLocation><linkage Sync="TRUE">file://\\pvac01file01\erin_share$\Marine\rmp\northwest\kefs\export\nw_kefs_MAY2012.shp</linkage><protocol Sync="TRUE">Local Area Network</protocol></itemLocation></itemProps><coordRef><type Sync="TRUE">Geographic</type><geogcsn Sync="TRUE">GCS_GDA_1994</geogcsn><csUnits Sync="TRUE">Angular Unit: Degree (0.017453)</csUnits><peXml Sync="TRUE">&lt;GeographicCoordinateSystem xsi:type='typens:GeographicCoordinateSystem' xmlns:xsi='http://www.w3.org/2001/XMLSchema-instance' xmlns:xs='http://www.w3.org/2001/XMLSchema' xmlns:typens='http://www.esri.com/schemas/ArcGIS/10.0'&gt;&lt;WKT&gt;GEOGCS[&amp;quot;GCS_GDA_1994&amp;quot;,DATUM[&amp;quot;D_GDA_1994&amp;quot;,SPHEROID[&amp;quot;GRS_1980&amp;quot;,6378137.0,298.257222101]],PRIMEM[&amp;quot;Greenwich&amp;quot;,0.0],UNIT[&amp;quot;Degree&amp;quot;,0.0174532925199433],AUTHORITY[&amp;quot;EPSG&amp;quot;,4283]]&lt;/WKT&gt;&lt;XOrigin&gt;-399.99999999999989&lt;/XOrigin&gt;&lt;YOrigin&gt;-399.99999999999989&lt;/YOrigin&gt;&lt;XYScale&gt;11258999068426.24&lt;/XYScale&gt;&lt;ZOrigin&gt;-100000&lt;/ZOrigin&gt;&lt;ZScale&gt;10000&lt;/ZScale&gt;&lt;MOrigin&gt;-100000&lt;/MOrigin&gt;&lt;MScale&gt;10000&lt;/MScale&gt;&lt;XYTolerance&gt;8.9831528411952117e-009&lt;/XYTolerance&gt;&lt;ZTolerance&gt;0.001&lt;/ZTolerance&gt;&lt;MTolerance&gt;0.001&lt;/MTolerance&gt;&lt;HighPrecision&gt;true&lt;/HighPrecision&gt;&lt;LeftLongitude&gt;-180&lt;/LeftLongitude&gt;&lt;WKID&gt;4283&lt;/WKID&gt;&lt;/GeographicCoordinateSystem&gt;</peXml></coordRef><copyHistory><copy source="N:\Marine\rmp\northwest\kefs\data\nw_kefs_june2011" dest="\\pvac01file01\erin_share$\Marine\rmp\northwest\kefs\export\nw_kefs_june2011" date="20120508" time="11483100"/></copyHistory></DataProperties><PublishStatus>Published</PublishStatus><ArcGISstyle>Department Metadata</ArcGISstyle><ArcGISFormat>1.0</ArcGISFormat></Esri><mdDateSt>20120521</mdDateSt><mdStanName>ANZLIC Metadata Profile</mdStanName><mdStanVer>1.1</mdStanVer><distInfo><distFormat><formatName Sync="TRUE">Shapefile</formatName></distFormat><distTranOps><transSize Sync="TRUE">0.611</transSize></distTranOps><distributor><distorCont><rpOrgName>Australian Government Department of Sustainability, Environment, Water, Population and Communities</rpOrgName><rpCntInfo><cntPhone><voiceNum>(02) 6274 1111</voiceNum><faxNum>(02) 6274 1333</faxNum></cntPhone><cntAddress><delPoint>GPO Box 787</delPoint><city>CANBERRA</city><adminArea>ACT</adminArea><postCode>2601</postCode><country>Australia</country><eMailAdd>metadata@environment.gov.au</eMailAdd></cntAddress><cntOnlineRes><linkage>http://www.environment.gov.au</linkage></cntOnlineRes></rpCntInfo><role><RoleCd value="005"></RoleCd></role></distorCont><distorTran><onLineSrc><linkage>http://www.environment.gov.au</linkage><orDesc>002</orDesc></onLineSrc></distorTran></distributor></distInfo><dataIdInfo><dsFormat><formatName></formatName><formatVer>1</formatVer></dsFormat><idAbs>The North-west Bioregional Profile identifies a number of ecological features that are of conservation value because of the role they play in the environment of the North-west Marine Region. Key ecological features (KEFs) meet one or more of the following criteria:

1. a species, group of species, or a community with a regionally important ecological role (e.g. a predator, prey that affects a large biomass or number of other marine species);

2. a species, group of species, or a community that is nationally or regionally important for biodiversity;

3. an area or habitat that is nationally or regionally important for: 
a) enhanced or high productivity (such as predictable upwellings - an upwelling occurs when cold nutrient-rich waters from the bottom of the ocean rise to the surface);
b) aggregations of marine life (such as feeding, resting, breeding or nursery areas);
c) biodiversity and endemism (species which only occur in a specific area); or

4. a unique seafloor feature, with known or presumed ecological properties of regional significance.


KEFs have been identified by the Australian Government on the basis of advice from scientists about the ecological processes and characteristics of the area. A workshop held in Perth in September 2007 also contributed to this scientific advice and helped to underpin the identification of key ecological features. 

Thirteen KEFs have been identified in the North-west Marine Region:

Ancient coastline at 125 m depth contour
Ashmore Reef and Cartier Island and surrounding Commonwealth waters
Canyons linking the Argo Abyssal Plain and Scott Plateau
Canyons linking the Cuvier Abyssal Plain and the Cape Range Peninsula
Carbonate bank and terrace system of the Sahul Shelf
Commonwealth waters adjacent to Ningaloo Reef
Continental Slope Demersal Fish Communities
Exmouth Plateau
Glomar Shoals
Mermaid Reed and Commonwealth waters surrounding the Rowley Shoals
Pinnacles of the Bonaparte Basin
Seringapatam Reef and Commonwealth waters in the Scott Reef Complex
Wallaby Saddle

In order to create a spatial representation of KEFs for the North-west Marine Region, some interpretation of the information was required. DEWHA has made every effort to use the best available spatial information, and best judgement on how to spatially represent the features based on the scientific advice provided. This does not preclude others from making their own interpretation of available information.</idAbs><idStatus><ProgCd value="001"/></idStatus><resMaint><maintFreq><MaintFreqCd value="011"/></maintFreq></resMaint><resConst><LegConsts><useLimit>The data are to be used as part of marine bioregional planning in the North-west Marine Region.</useLimit><accessConsts><RestrictCd value="005"></RestrictCd></accessConsts><othConsts>The data is available for download from the departments Discover Information Geographically site.</othConsts></LegConsts></resConst><envirDesc Sync="TRUE">Microsoft Windows 7 Version 6.1 (Build 7600) ; ESRI ArcGIS 10.0.3.3600</envirDesc><spatRpType><SpatRepTypCd value="001" Sync="TRUE"></SpatRepTypCd></spatRpType><dataExt><geoEle><GeoBndBox esriExtentType="search"><exTypeCode Sync="TRUE">1</exTypeCode><westBL Sync="TRUE">109.233482</westBL><eastBL Sync="TRUE">128.378754</eastBL><northBL Sync="TRUE">-11.276306</northBL><southBL Sync="TRUE">-26.157343</southBL></GeoBndBox></geoEle></dataExt><geoBox esriExtentType="decdegrees"><northBL></northBL><southBL></southBL><westBL></westBL><eastBL></eastBL><exTypeCode>1</exTypeCode></geoBox><idCitation><resTitle>nw_kefs_MAY2012</resTitle><resAltTitle>N:\Marine\rmp\northwest\kefs\export\nw_kefs_MAY2012.shp</resAltTitle><resRefDate><refDate>20090924</refDate><refDateType><DateTypCd value="001"></DateTypCd></refDateType></resRefDate><resRefDate><refDate>20110811</refDate><refDateType><DateTypCd value="003"></DateTypCd></refDateType></resRefDate><citId><MdIdent><identCode>ISOCW0501005275</identCode></MdIdent></citId><citRespParty><rpOrgName>Australian Government Department of Sustainability, Environment, Water, Population and Communities</rpOrgName><rpPosName>Marine Data Manager</rpPosName><rpCntInfo><cntPhone><voiceNum>02 6274 1111</voiceNum><faxNum>02 6274 1666</faxNum></cntPhone><cntAddress><delPoint>GPO Box 787</delPoint><city>Canberra</city><adminArea>ACT</adminArea><postCode>2601</postCode><country>Australia</country><eMailAdd>marine.metadata@environment.gov.au</eMailAdd></cntAddress><cntOnlineRes><linkage>http://www.environment.gov.au/</linkage></cntOnlineRes></rpCntInfo><role><RoleCd value="002"></RoleCd></role></citRespParty><citRespParty><rpOrgName>Australian Government Department of Sustainability, Environment, Water, Population and Communities</rpOrgName><rpPosName>Metadata Publisher</rpPosName><rpCntInfo><cntPhone><voiceNum>(02) 6274 1111</voiceNum><faxNum>(02) 6274 1333</faxNum></cntPhone><cntAddress><delPoint>GPO Box 787</delPoint><city>CANBERRA</city><adminArea>ACT</adminArea><postCode>2601</postCode><country>Australia</country><eMailAdd>metadata@environment.gov.au</eMailAdd></cntAddress><cntOnlineRes><linkage>http://www.environment.gov.au/</linkage></cntOnlineRes></rpCntInfo><role><RoleCd value="010"></RoleCd></role></citRespParty><presForm><PresFormCd value="005" Sync="TRUE"></PresFormCd></presForm></idCitation><idPoC><rpOrgName>Australian Government Department of Sustainability, Environment, Water, Population and Communities</rpOrgName><rpPosName>Marine Data Manager</rpPosName><rpCntInfo><cntPhone><voiceNum>02 6274 1111</voiceNum><faxNum>02 6274 1666</faxNum></cntPhone><cntAddress><delPoint>GPO Box 787</delPoint><city>Canberra</city><adminArea>ACT</adminArea><postCode>2601</postCode><country>Australia</country><eMailAdd>marine.metadata@environment.gov.au</eMailAdd></cntAddress><cntOnlineRes><linkage>http://www.environment.gov.au/</linkage></cntOnlineRes></rpCntInfo><role><RoleCd value="007"></RoleCd></role></idPoC><descKeys><keyword>MARINE_Planning</keyword><keyword>MARINE_Conservation</keyword><keyword>MARINE_Biodiversity</keyword><keyTyp><KeyTypCd value="005"></KeyTypCd></keyTyp><thesaName><resTitle>ANZLIC Search Words</resTitle><resRefDate><refDate>20080515</refDate><refDateType><DateTypCd value="003"></DateTypCd></refDateType></resRefDate><resEd>Version 2.1</resEd><resEdDate>20080515</resEdDate></thesaName></descKeys><dataScale><equScale><rfDenom>1000000</rfDenom></equScale></dataScale><tpCat><TopicCatCd value="014"></TopicCatCd></tpCat><suppInfo>to be published externally</suppInfo><dataLang><languageCode value="en"></languageCode><countryCode value="AUS" Sync="TRUE"></countryCode></dataLang><dataChar><CharSetCd value="004"></CharSetCd></dataChar></dataIdInfo><eainfo><detailed Name="nw_kefs_MAY2012"><enttyp><enttypl Sync="TRUE">nw_kefs_MAY2012</enttypl><enttypt Sync="TRUE">Feature Class</enttypt><enttypc Sync="TRUE">13</enttypc></enttyp><attr><attrlabl Sync="TRUE">SHAPE</attrlabl><attalias Sync="TRUE">FID</attalias><attrtype Sync="TRUE">OID</attrtype><attwidth Sync="TRUE">4</attwidth><atprecis Sync="TRUE">0</atprecis><attscale Sync="TRUE">0</attscale><attrdef Sync="TRUE">Feature geometry.</attrdef><attrdefs Sync="TRUE">ESRI</attrdefs><attrdomv><udom Sync="TRUE">Coordinates defining the features.</udom></attrdomv></attr><attr><attrlabl Sync="TRUE">NAME</attrlabl><attalias Sync="TRUE">NAME</attalias><attrtype Sync="TRUE">String</attrtype><attwidth Sync="TRUE">130</attwidth><attrdef Sync="TRUE">Feature geometry.</attrdef><attrdefs Sync="TRUE">ESRI</attrdefs><attrdomv><udom Sync="TRUE">Coordinates defining the features.</udom></attrdomv><atprecis Sync="TRUE">0</atprecis><attscale Sync="TRUE">0</attscale></attr><attr><attrlabl Sync="TRUE">Shape</attrlabl><attalias Sync="TRUE">AREA_KM2</attalias><attrtype Sync="TRUE">Double</attrtype><attwidth Sync="TRUE">19</attwidth><atprecis Sync="TRUE">0</atprecis><attscale Sync="TRUE">0</attscale><attrdef Sync="TRUE">Feature geometry.</attrdef><attrdefs Sync="TRUE">ESRI</attrdefs><attrdomv><udom Sync="TRUE">Coordinates defining the features.</udom></attrdomv></attr><attr><attrlabl Sync="TRUE">AREA_KM2</attrlabl><attalias Sync="TRUE">Shape</attalias><attrtype Sync="TRUE">Geometry</attrtype><attwidth Sync="TRUE">0</attwidth><attrdef Sync="TRUE">Internal feature number.</attrdef><attrdefs Sync="TRUE">ESRI</attrdefs><attrdomv><udom Sync="TRUE">Sequential unique whole numbers that are automatically generated.</udom></attrdomv><atprecis Sync="TRUE">0</atprecis><attscale Sync="TRUE">0</attscale></attr></detailed></eainfo><mdLang><languageCode value="eng" Sync="TRUE"></languageCode><countryCode value="AUS" Sync="TRUE"></countryCode></mdLang><mdHrLv><ScopeCd value="005" Sync="TRUE"></ScopeCd></mdHrLv><mdHrLvName Sync="TRUE">dataset</mdHrLvName><refSysInfo><RefSystem><refSysID><identCode code="4283" Sync="TRUE" value="4283"></identCode><idCodeSpace Sync="TRUE">EPSG</idCodeSpace><idVersion Sync="TRUE">7.4.1</idVersion></refSysID></RefSystem></refSysInfo><spatRepInfo><VectSpatRep><geometObjs Name="nw_kefs_MAY2012"><geoObjTyp><GeoObjTypCd value="002" Sync="TRUE"></GeoObjTypCd></geoObjTyp><geoObjCnt Sync="TRUE">13</geoObjCnt></geometObjs><topLvl><TopoLevCd value="001" Sync="TRUE"></TopoLevCd></topLvl></VectSpatRep></spatRepInfo><spdoinfo><ptvctinf><esriterm><efeatyp Sync="TRUE">Simple</efeatyp><efeageom code="4" Sync="TRUE"></efeageom><esritopo Sync="TRUE">FALSE</esritopo><efeacnt Sync="TRUE">13</efeacnt><spindex Sync="TRUE">FALSE</spindex><linrefer Sync="TRUE">FALSE</linrefer></esriterm></ptvctinf></spdoinfo><idinfo><citation><citeinfo><title>nw_kefs_MAY2012</title></citeinfo></citation><natvform></natvform></idinfo><distinfo><resdesc></resdesc></distinfo><mdContact><rpOrgName>Australian Government Department of Sustainability, Environment, Water, Population and Communities</rpOrgName><rpPosName>Marine Data Manager</rpPosName><rpCntInfo><cntPhone><voiceNum>02 6274 1111</voiceNum><faxNum>02 6274 1666</faxNum></cntPhone><cntAddress><delPoint>GPO Box 787</delPoint><city>Canberra</city><adminArea>ACT</adminArea><postCode>2601</postCode><country>Australia</country><eMailAdd>marine.metadata@environment.gov.au</eMailAdd></cntAddress><cntOnlineRes><linkage>http://www.environment.gov.au/</linkage></cntOnlineRes></rpCntInfo><role><RoleCd value="007"></RoleCd></role></mdContact><dqInfo><dataLineage><statement>The Key Ecological Features (KEFs) polygon layer was created from information provided to DEWHA at scientific based workshops, discussions held with relevant scientific experts as part of the development of the North-west Bioregional Profile, and information contained published reports. 

In order to create a spatial representation of KEFs for the North-west Marine Region, some interpretation of the information was required. DEWHA has made every effort to use the best available spatial information, and best judgement on how to spatially represent the features based on the scientific advice provided. This does not preclude others from making their own interpretation of the available information.

Following is more detailed information on the source of the spatial representation for individual KEFs for the North-west Marine Region:

Ancient coastline at 125 m depth contour,
Defined by depth range 115-135 metres in the Northwest Shelf Province and Northwest Shelf Transition provincial bioregions as defined in IMCRA 4.0.

Ashmore Reef and Cartier Island and surrounding Commonwealth waters,
Includes the existing Ashmore Reef National Nature Reserve and Cartier Island Marine Reserve and waters between them plus the surrounding areas of reef, apron/fan and canyon as defined in the Geoscience Australia geomorphic features dataset

Canyons linking the Argo Abyssal Plain and Scott Plateau,
Includes the three canyons, as defined in the Geoscience Australia geomorphic feature dataset, adjacent to the south-west corner of Scott Plateau.

Canyons linking the Cuvier Abyssal Plain and the Cape Range Peninsula,
As defined in the Geoscience Australia geomorphic features dataset.

Carbonate bank and terrace system of the Sahul Shelf,
Includes the banks/shoals and terraces as defined in the Geoscience Australia geomorphic features dataset which fall between 125 degrees East and the Northwest Marine Region Boundary around 129 degrees East. The banks/shoals to the south of 13 degrees South and west of 127 East have been excluded.

Commonwealth waters surrounding Ningaloo Reef, 
Defined as the waters contained in the existing Ningaloo Marine Park (Commonwealth Waters).

Continental Slope Demersal Fish Communities. 
Defined as the area of slope, as defined in the Geoscience Australia geomorphic features dataset, found in the Northwest Province and Timor Province provincial bioregions as defined in IMCRA 4.0, at the depth ranges of 220-500 metres and 750-1000 metres.  
Exmouth Plateau. 
As defined in the Geoscience Australia geomorphic features dataset.

Glomar Shoals. 
Defined by the area of terrace as defined in the Geoscience Australia geomorphic features dataset.

Mermaid Reed and Commonwealth waters surrounding the Rowley Shoals,
Includes all existing State and Commonwealth marine reserves plus adjacent apron/fan features, as defined in the Geoscience Australia geomorphic features dataset, within a 6 nautical mile buffer of the reef features, as defined in the Geoscience Australia geomorphic features dataset. 

Pinnacles of the Bonaparte Basin. 
Includes all pinnacles that are located within the basin feature of the Joseph Bonaparte Gulf, as defined in the Geoscience Australia geomorphic features dataset, clipped to the North-west Marine Region boundary.

Seringapatam Reef and Commonwealth waters in the Scott Reef Complex,
Includes both reefs plus the adjacent apron/fan features, and the canyon approximately 10km to the west of Scott Reef (based on the Geoscience Australia geomorphic features dataset). The southern edge of the KEF is defined by the state water boundary around Scott Reef.

Wallaby Saddle,
As defined in the Geoscience Australia geomorphic features dataset.</statement><dataSource><srcCitatn><resTitle>Key Ecological Features - North-west Marine Region COPYRIGHT Commonwealth of Australia, Australian Government Department of Sustainability, Environment, Water, Population and Communities, 2011.</resTitle><resRefDate><refDate>20000101</refDate><refDateType><DateTypCd value="003"></DateTypCd></refDateType></resRefDate></srcCitatn></dataSource></dataLineage><dqReport><DQAbsExtPosAcc><measResult><ConResult><conSpec><resTitle>ERIN Check</resTitle><resRefDate><refDate>20000101</refDate><refDateType><DateTypCd value="003"></DateTypCd></refDateType></resRefDate></conSpec><conExpl>The polygons are indicative of the area of each Key Ecological Feature.</conExpl><conPass>1</conPass></ConResult></measResult></DQAbsExtPosAcc><DQNonQuanAttAcc><measResult><ConResult><conSpec><resTitle>ERIN Check</resTitle><resRefDate><refDate>20000101</refDate><refDateType><DateTypCd value="003"></DateTypCd></refDateType></resRefDate></conSpec><conExpl>Attributes are as used in the North-west Bioregional Profile.</conExpl><conPass>1</conPass></ConResult></measResult></DQNonQuanAttAcc><DQConcConsis><measResult><ConResult><conSpec><resTitle>ERIN Check</resTitle><resRefDate><refDate>20000101</refDate><refDateType><DateTypCd value="003"></DateTypCd></refDateType></resRefDate></conSpec><conExpl>The Key Ecological Features layer in this dataset represent the features identified in the North-west Bioregional Profile.</conExpl><conPass>1</conPass></ConResult></measResult></DQConcConsis><DQCompOm><measResult><ConResult><conSpec><resTitle>ERIN Check</resTitle><resRefDate><refDate>20000101</refDate><refDateType><DateTypCd value="003"></DateTypCd></refDateType></resRefDate></conSpec><conExpl>Spatial and attribute data is complete for the North-west Marine Region.</conExpl><conPass>1</conPass></ConResult></measResult></DQCompOm></dqReport><dqScope><scpLvl><ScopeCd value="005"></ScopeCd></scpLvl></dqScope></dqInfo></metadata>
